Stamp,UrlProccessed,Time
1533792722,400,4233.81
1533803092.3334,400,5088.41
1533811691.1758,319,2768.51
1533871484.1193054,360,4556.61
1533876721.1533053,360,4913.49
